<?xml-stylesheet type="text/xsl" href="collection.xsl"?>
<collection name="Collectors" xmlns:xsi="http://www.w3.org/2001/XMLSchema-instance" xsi:noNamespaceSchemaLocation="collection.xsd">
	<items>
		<item id="1">
			<name>Final Fantasy XV</name>
			<image_link>images/finalfantasyxv.jpg</image_link>
			<description>
				Final Fantasy XV takes place on the fictional world of Eos. All the world's countries—bar the kingdom of Lucis—are under the dominion of the empire of Niflheim. Noctis Lucis Caelum, heir to the Lucian throne, goes on a quest to retake his homeland and its magical crystal after it is seized by Niflheim on the eve of peace negotiations between the two nations. The game shares a thematic connection with Fabula Nova Crystallis Final Fantasy, a subseries of games linked by a common mythos which includes Final Fantasy XIII and Final Fantasy Type-0.
			</description>
			<type>Game</type>
			<brand>Square Enix</brand>
		</item>
		<item id="2">
			<name>World of Warcraft - Legion</name>
			<image_link>images/wowlegion.jpg</image_link>
			<description>
				After the defeat of Archimonde at Hellfire Citadel on the alternate timeline world of Draenor, Gul'dan is pushed through a portal to Azeroth of the main timeline in order to open a way for the Burning Legion to invade in far greater numbers than in the War of the Ancients thousands of years earlier. While exploring the hidden vaults of the Broken Isles, Gul'dan finds a dark crystalline prison containing the corpse of Illidan Stormrage, the former Lord of Outland, who was slain during the events of The Burning Crusade. The Archmage Khadgar, who helped lead the Alliance and Horde player characters against Gul'dan and the Iron Horde on the alternate Draenor, witnesses the return of the Burning Legion and flies to the city of Stormwind to warn King Varian Wrynn of the coming invasion. The player characters, together with the shunned demon hunters, must learn to master artifact weapons and relics of the Titans located in the ancient Broken Isles that hold the power to stop the Legion's invasion.
				During the events of Legion, two characters that were thought to have been lost, Alleria and Turalyon make an appearance.
			</description>
			<type>Game</type>
			<brand>Blizzard Entertainment</brand>
		</item>
		<item id="3">
			<name>Mortal Kombat X</name>
			<image_link>images/mortalkombatx.png</image_link>
			<description>
				Two years after the defeat of Shao Kahn, Shinnok attacks Earthrealm with his army of Netherrealm demons, as well as the Earthrealm warriors who were killed during Kahn's invasion and are now resurrected as revenants under Quan Chi's control. After fighting their fallen comrades, a strike team led by Johnny Cage, Sonya Blade, and Kenshi open a portal to Raiden's Sky Temple and head to the Jinsei Chamber, the source of Earthrealm's life force, where Raiden and Fujin are seen battling Shinnok and his Netherrealm forces. When Shinnok tries to kill Sonya, Johnny rushes to defend her, inadvertently awakening ancient superhuman powers within himself. Using his newly-found powers, Johnny holds Shinnok at bay long enough for Raiden to steal Shinnok's amulet and imprison him inside it, but Quan Chi escapes. Johnny, Raiden, and Sonya track him to his lair in the Netherrealm and defeat him, successfully restoring Scorpion, Sub-Zero, and Jax to human form in the process, though Quan Chi escapes again. In the years that follow, Johnny and Sonya marry and have a daughter, Cassie, though they later divorce. Scorpion, now known as Hanzo Hasashi reinstates his Shirai Ryu clan while mentoring Kenshi's son Takeda, and Sub-Zero becomes the new Grandmaster of the Lin Kuei after killing Sektor. Sub-Zero uses the data from Sektor's memory banks detailing Quan Chi's manipulations to help end his feud with Hasashi.
			</description>
			<type>Game</type>
			<brand>NetherRealm Studios</brand>
		</item>
		<item id="4">
			<name>The Last of Us</name>
			<image_link>images/lastofusremastered.jpg</image_link>
			<description>
				In September 2013, an outbreak of a mutant Cordyceps fungus ravages the United States, transforming its human hosts into cannibalistic monsters known as infected. In the suburbs of Austin, Joel (Troy Baker) flees the chaos with his brother Tommy (Jeffrey Pierce) and daughter Sarah (Hana Hayes). As they flee, Sarah is shot by a soldier and dies in Joel's arms. In the twenty years that follow, most of civilization is destroyed by the infection. Survivors live in heavily policed quarantine zones, independent settlements, and nomadic groups. Joel works as a smuggler with his partner Tess (Annie Wersching) in the Boston quarantine zone. They hunt down Robert (Robin Atkin Downes), a black market dealer, to recover a stolen weapons cache. Before Tess kills him, Robert reveals that he traded the cache with the Fireflies, a rebel militia opposing the quarantine zone authorities.
			</description>
			<type>Game</type>
			<brand>Naughty Dog</brand>
		</item>
		<item id="5">
			<name>Rise of the Tomb Raider</name>
			<image_link>images/riseofthetombraider.jpg</image_link>
			<description>
				One year after the events of Tomb Raider, Lara Croft is struggling to explain her experience of the supernatural on Yamatai. Looking for answers, she turns to her late father's research into the lost city of Kitezh and the promise of immortality. Her father's partner Ana attempts to warn her off as his obsession with Kitezh drove him to ruin and suicide. Lara ignores her and organises an expedition to Syria, hoping to uncover the tomb of the Prophet of Constantinople (modern day Istanbul), a key figure in the legend of Kitezh. Although successful, the tomb is empty, and Lara is interrupted by Trinity—an ancient order of knights that now exists as a paramilitary organization investigating the supernatural—and their leader Konstantin. As she flees, Lara discovers a symbol etched into the tomb that she links to a book on Russian religious history in her father's study. A Trinity assassin steals the book, prompting Lara and her friend Jonah to give chase in Siberia. When the two are separated after an avalanche, Lara is forced to go on alone.
			</description>
			<type>Game</type>
			<brand>Crystal Dynamics</brand>
		</item>
		<item id="6">
			<name>Mario Kart 8</name>
			<image_link>images/mariokart8.jpg</image_link>
			<description>
				Like other games in the series, in Mario Kart 8, players control characters from the Mario franchise and participate in kart racing on various race tracks, using items to hinder opponents or gain advantages. While incorporating game mechanics originally featured in earlier Mario Kart games, Mario Kart 8 introduces anti-gravity sections that allow players to drive on walls or ceilings. The game features multiple single-player and multiplayer game modes, and incorporates Miiverse functionality and online multiplayer supported via Nintendo Network.
			</description>
			<type>Game</type>
			<brand>Nintendo</brand>
		</item>
		<item id="7">
			<name>Mass Effect 3</name>
			<image_link>images/masseffect3.png</image_link>
			<description>
				Mass Effect 3 details the adventures of Systems Alliance Commander Shepard as they try to defeat a human supremacist terrorist organization called Cerberus and a synthetic-organic race of machines known as the Reapers. The Reapers are immensely powerful and purge the galaxy of all advanced sapient life in 50,000 year cycles. In the Mass Effect 2 DLC "Arrival", Shepard travels into Batarian space to rescue an Alliance deep cover agent, and learns that the Reaper invasion is imminent. To delay them, Shepard is forced to destroy a mass relay, obliterating an entire system and killing 300,000 Batarian colonists as collateral damage. Consequently, Shepard is ordered back to Earth with the Normandy impounded.
			</description>
			<type>Game</type>
			<brand>EA</brand>
		</item>
		<item id="8">
			<name>The Witcher 3 - Wild Hunt</name>
			<image_link>images/witcher3.jpg</image_link>
			<description>
				The Witcher 3- Wild Hunt concludes the story of the witcher Geralt of Rivia, whose story to date has been covered in the previous titles. Continuing from The Witcher 2, Geralt seeks to move on with his own life, embarking on a new and personal mission while the world order itself is coming to a change.
				The game features several locations such as the free city of Novigrad, the swamps and battlefields of Velen, the Skellige Isles, and two of the Nilfgaardian Empire's recently conquered territories- the village of White Orchard, and the Royal Palace in Vizima. The witcher school Kaer Morhen, known in the novels and first The Witcher game, also appears.
			</description>
			<type>Game</type>
			<brand>CD Projekt RED</brand>
		</item>
		<item id="9">
			<name>Heroes of the Storm</name>
			<image_link>images/hots.jpg</image_link>
			<description>
				Heroes of the Storm (HotS) is a multiplayer online battle arena video game developed and published by Blizzard Entertainment for Microsoft Windows and OS X. The game features heroes from Blizzard's franchises including Warcraft, Diablo, StarCraft, The Lost Vikings, and Overwatch. The game uses both free-to-play and freemium models and is supported by micropayments, which can be used to purchase heroes, visual alterations for the heroes in the game, and mounts. Blizzard does not call the game a "multiplayer online battle arena" or an "action real-time strategy" because they feel it is something different with a broader playstyle, they refer to it as an online "hero brawler".
			</description>
			<type>Game</type>
			<brand>Blizzard Entertainment</brand>
		</item>
		<item id="10">
			<name>Diablo III</name>
			<image_link>images/diablo3.png</image_link>
			<description>
				The game takes place in Sanctuary, the dark fantasy world of the Diablo Series, twenty years after the events of Diablo II. Deckard Cain and Leah are in Tristram Cathedral (the same cathedral that was the setting of Diablo) investigating ancient texts regarding an ominous prophecy. A mysterious star falling from the sky strikes the Cathedral, creating a deep crater into which Deckard Cain disappears.
			</description>
			<type>Game</type>
			<brand>Blizzard Entertainment</brand>
		</item>
		<item id="11">
			<name>Nike Magista Onda II FG Men's Outdoor Soccer Cleats</name>
			<image_link>images/id1.png</image_link>
			<description>Amplify your playmaking in Men’s Nike Magista Onda II (FG) Firm-Ground Soccer Cleat. The premium synthetic leather has a 3-D texture on key areas to provide targeted friction and a precise touch. The forefoot pivot zone has circular traction for quick turns, and notched heel studs add braking power.</description>
			<type>Cleats</type>
			<brand>Nike</brand>
		</item>
		<item id="12">
			<name>Nike Classic Men's Soccer Socks</name>
			<image_link>images/id2.png</image_link>
			<description>The Nike Classic Soccer Socks are designed to keep you comfortable during play with arch support and lightweight Dri-FIT fabric that helps keep feet dry.</description>
			<type>Socks</type>
			<brand>Nike Classic</brand>
		</item>
		<item id="13">
			<name>Nike Flex 8 Inch</name>
			<image_link>images/id3.png</image_link>
			<description>The standard fit of the Men’s Nike Flex Training Short features a durable, water-repellent finish to help keep you dry. Combined with a perforated design, you’ll be able to stay cool while your workout heats up.</description>
			<type>Shorts</type>
			<brand>Nike</brand>
		</item>
		<item id="14">
			<name>Nike CR7 Shinguards</name>
			<image_link>images/id4.png</image_link>
			<description>Nike CR7 Mercurial Lite Shin Guards blend ultra-thin coverage with superior cushioning and impact diffusion in a design that can withstand the demands of the elite-level game.</description>
			<type>Shinguards</type>
			<brand>Nike</brand>
		</item>
		<item id="15">
			<name>Nike Academy Tech Men's Pant</name>
			<image_link>images/id5.png</image_link>
			<description>Nike Academy Tech Men’s Football Pants deliver soft, sweat-wicking coverage in a tapered fit, giving you mobility and a full view of your feet so you can see your next move to attack with speed.</description>
			<type>Pant</type>
			<brand>Nike</brand>
		</item>
		<item id="16">
			<name>adidas Tierro 13</name>
			<image_link>images/id6.png</image_link>
			<description>The soccer shorts are made with padding on the hips for softer landings and they feature climalite® fabric that sweeps the sweat out of your way</description>
			<type>Shorts</type>
			<brand>Adidas</brand>
		</item>
		<item id="17">
			<name>Nike GK Match Goalie Gloves</name>
			<image_link>images/id7.png</image_link>
			<description>The soccer shorts are made with padding on the hips for softer landings and they feature climalite fabric that sweeps the sweat out of your way</description>
			<type>Glove</type>
			<brand>Nike</brand>
		</item>
		<item id="18">
			<name>Under Armour Undeniable II Duffel Bag</name>
			<image_link>images/id8.png</image_link>
			<description>This roomy duffel bag has plenty of space for all your gear, and it is durable enough to last for years</description>
			<type>Bag</type>
			<brand>Under Armour</brand>
		</item>
		<item id="19">
			<name>Nike Strike Size 5 Soccer Ball</name>
			<image_link>images/id9.png</image_link>
			<description>The Nike Strike Football is ready for everyday play with its Visual Power graphic for better ball tracking and a reinforced rubber bladder for a consistent feel and great shape retention.</description>
			<type>Ball</type>
			<brand>Nike</brand>
		</item>
		<item id="20">
			<name>Nike Academy Men's Short Sleeve Top</name>
			<image_link>images/id10.png</image_link>
			<description>Nike Dry fabric, reinforced shoulders and a breathable mesh back panel bring lightweight performance to the Men’s Nike Dry Football Top while the bold screen printed graphic sets you apart on the pitch.</description>
			<type>Short</type>
			<brand>Nike</brand>
		</item>
				<item id="21">
			<name>Ant-Man</name>
			<image_link>images/ant-man.jpg</image_link>
			<description>Armed with the astonishing ability to shrink in scale but increase in strength, con-man Scott Lang must embrace his inner-hero and help his mentor, Dr. Hank Pym, protect the secret behind his spectacular Ant-Man suit from a new generation of towering threats. Against seemingly insurmountable obstacles, Pym and Lang must plan and pull off a heist that will save the world.</description>
			<type>Movie</type>
			<brand>Marvel</brand>
		</item>
		<item id="22">
			<name>Avenger Age of Ultron</name>
			<image_link>images/avengers-age-of-ultron.jpg</image_link>
			<description>Tony Stark creates the Ultron Program to protect the world, but when the peacekeeping program becomes hostile, The Avengers go into action to try and defeat a virtually impossible enemy together. Earth's mightiest heroes must come together once again to protect the world from global extinction.</description>
			<type>Movie</type>
			<brand>Marvel</brand>
		</item>
		<item id="23">
			<name>Captain America Civil War</name>
			<image_link>images/cap-civil-war.jpg</image_link>
			<description>With many people fearing the actions of super heroes, the government decides to push for the Hero Registration Act, a law that limits a hero's actions. This results in a division in The Avengers. Iron Man stands with this Act, claiming that their actions must be kept in check otherwise cities will continue to be destroyed, but Captain America feels that saving the world is daring enough and that they cannot rely on the government to protect the world. This escalates into an all-out war between Team Iron Man (Iron Man, Black Panther, Vision, Black Widow, War Machine, and Spider-Man) and Team Captain America (Captain America, Bucky Barnes, Falcon, Scarlet Witch, Hawkeye, and Ant Man) while a new villain emerges.</description>
			<type>Movie</type>
			<brand>Marvel</brand>
		</item>
		<item id="24">
			<name>Captain America The First Avenger</name>
			<image_link>images/cap-the-first-avenger.jpg</image_link>
			<description>It is 1942, America has entered World War II, and sickly but determined Steve Rogers is frustrated at being rejected yet again for military service. Everything changes when Dr. Erskine recruits him for the secret Project Rebirth. Proving his extraordinary courage, wits and conscience, Rogers undergoes the experiment and his weak body is suddenly enhanced into the maximum human potential. When Dr. Erskine is then immediately assassinated by an agent of Nazi Germany's secret HYDRA research department (headed by Johann Schmidt, a.k.a. the Red Skull), Rogers is left as a unique man who is initially misused as a propaganda mascot, however, when his comrades need him, Rogers goes on a successful adventure that truly makes him Captain America, and his war against Schmidt begins.</description>
			<type>Movie</type>
			<brand>Marvel</brand>
		</item>
		<item id="25">
			<name>Captain America The Winter Soldier</name>
			<image_link>images/cap-winter-soldier.jpg</image_link>
			<description>or Steve Rogers, awakening after decades of suspended animation involves more than catching up on pop culture, it also means that this old school idealist must face a world of subtler threats and difficult moral complexities. That becomes clear when Director Nick Fury is killed by the mysterious assassin, the Winter Soldier, but not before warning Rogers that SHIELD has been subverted by its enemies. When Rogers acts on Fury's warning to trust no one there, he is branded as a traitor by the organization. Now a fugitive, Captain America must get to the bottom of this deadly mystery with the help of the Black Widow and his new friend, The Falcon. However, the battle will be costly for the Sentinel of Liberty, with Rogers finding enemies where he least expects them while learning that the Winter Soldier looks disturbingly familiar. </description>
			<type>Movie</type>
			<brand>Marvel</brand>
		</item>
		<item id="26">
			<name>Doctor Strange</name>
			<image_link>images/d-strange-poster.jpg</image_link>
			<description>Marvel's "Doctor Strange" follows the story of the talented neurosurgeon Doctor Stephen Strange who, after a tragic car accident, must put ego aside and learn the secrets of a hidden world of mysticism and alternate dimensions. Based in New York City's Greenwich Village, Doctor Strange must act as an intermediary between the real world and what lies beyond, utilising a vast array of metaphysical abilities and artifacts to protect the Marvel Cinematic Universe.</description>
			<type>Movie</type>
			<brand>Marvel</brand>
		</item>
		<item id="27">
			<name>Guardians of the Galaxy</name>
			<image_link>images/guardians-of-the-galaxy.jpg</image_link>
			<description>After stealing a mysterious orb in the far reaches of outer space, Peter Quill from Earth, is now the main target of a manhunt led by the villain known as Ronan the Accuser. To help fight Ronan and his team and save the galaxy from his power, Quill creates a team of space heroes known as the "Guardians of the Galaxy" to save the world</description>
			<type>Movie</type>
			<brand>Marvel</brand>
		</item>
		<item id="28">
			<name>Iron-Man</name>
			<image_link>images/iron-man-1.jpg</image_link>
			<description>Tony Stark. Genius, billionaire, playboy, philanthropist. Son of legendary inventor and weapons contractor Howard Stark. When Tony Stark is assigned to give a weapons presentation to an Iraqi unit led by Lt. Col. James Rhodes, he's given a ride on enemy lines. That ride ends badly when Stark's Humvee that he's riding in is attacked by enemy combatants. He survives - barely - with a chest full of shrapnel and a car battery attached to his heart. In order to survive he comes up with a way to miniaturize the battery and figures out that the battery can power something else. Thus Iron Man is born. He uses the primitive device to escape from the cave in Iraq. Once back home, he then begins work on perfecting the Iron Man suit. But the man who was put in charge of Stark Industries has plans of his own to take over Tony's technology for other matters.</description>
			<type>Movie</type>
			<brand>Marvel</brand>
		</item>
		<item id="29">
			<name>Iron-Man 2</name>
			<image_link>images/iron-man-2.jpg</image_link>
			<description>With the world now aware of his dual life as the armored superhero Iron Man, billionaire inventor Tony Stark faces pressure from the government, the press, and the public to share his technology with the military. Unwilling to let go of his invention, Stark, along with Pepper Potts, and James "Rhodey" Rhodes at his side, must forge new alliances - and confront powerful enemies</description>
			<type>Movie</type>
			<brand>Marvel</brand>
		</item>
		<item id="30">
			<name>Iron-Man 3</name>
			<image_link>images/iron-man-3.jpg</image_link>
			<description>Marvel's "Iron Man 3" pits brash-but-brilliant industrialist Tony Stark/Iron Man against an enemy whose reach knows no bounds. When Stark finds his personal world destroyed at his enemy's hands, he embarks on a harrowing quest to find those responsible. This journey, at every turn, will test his mettle. With his back against the wall, Stark is left to survive by his own devices, relying on his ingenuity and instincts to protect those closest to him. As he fights his way back, Stark discovers the answer to the question that has secretly haunted him- does the man make the suit or does the suit make the man?</description>
			<type>Movie</type>
			<brand>Marvel</brand>
		</item>
		<item id="31">
			<name>The Avengers</name>
			<image_link>images/the-avengers.jpg</image_link>
			<description>Nick Fury is the director of S.H.I.E.L.D., an international peace-keeping agency. The agency is a who's who of Marvel Super Heroes, with Iron Man, The Incredible Hulk, Thor, Captain America, Hawkeye and Black Widow. When global security is threatened by Loki and his cohorts, Nick Fury and his team will need all their powers to save the world from disaster.</description>
			<type>Movie</type>
			<brand>Marvel</brand>
		</item>
		<item id="32">
			<name>The Incredible Hulk</name>
			<image_link>images/the-incredible-hulk.jpg</image_link>
			<description>Depicting the events after the Gamma Bomb. 'The Incredible Hulk' tells the story of Dr Bruce Banner, who seeks a cure to his unique condition, which causes him to turn into a giant green monster under emotional stress. Whilst on the run from military which seeks his capture, Banner comes close to a cure. But all is lost when a new creature emerges, The Abomination.</description>
			<type>Movie</type>
			<brand>Marvel</brand>
		</item>
		<item id="33">
			<name>Thor The Dark World</name>
			<image_link>images/thor-the-dark-world.jpg</image_link>
			<description>Thousands of years ago, a race of beings known as Dark Elves tried to send the universe into darkness by using a weapon known as the Aether. Warriors from Asgard stop them but their leader Malekith escapes to wait for another opportunity. The warriors find the Aether and since it cannot be destroyed, they try to hide it. In the present day, Jane Foster awaits the return of Thor although it has been two years since they last saw once another. In the meantime, Thor has been trying to bring peace to the nine realms. Jane discovers an anomaly similar to the one that brought Thor to Earth. She goes to investigate, finds a wormhole, and is sucked into it. Back on Asgard, Thor wishes to return to Earth but his father, Odin refuses to let him. Thor learns from Heimdall, who can see into all of the realms, that Jane disappeared. Thor then returns to Earth just as Jane reappears. However, when some policemen try to arrest her, an unknown energy repulses them. Thor then brings Jane to Asgard to ...</description>
			<type>Movie</type>
			<brand>Marvel</brand>
		</item>
		<item id="34">
			<name>X2 X-Men United</name>
			<image_link>images/x2-x-men-united.jpg</image_link>
			<description>Several months have passed since The X-Men defeated Magneto and imprisoned him in a seemingly impregnable plastic chamber. One day, a mutant by the name of Nightcrawler infiltrates the White House and attempts to assassinate the president, setting off a chain reaction of anti-mutant measures by the government. Meanwhile, Logan is trying to discover his past. As scientist named William Stryker discovers Professor X's secret school and Cerebro, Magneto's partner, Mystique, is planning to break her leader out of prison. But when Professor X's school is attacked by Stryker's forces, Logan, Rogue, Iceman and a few are lucky to escape. Those who remain meet in Boston, where they form an uneasy alliance with Magneto to stop Stryker and rescue Professor X.</description>
			<type>Movie</type>
			<brand>Marvel</brand>
		</item>
		<item id="35">
			<name>X-Men First Class</name>
			<image_link>images/x-men-first-class.jpg</image_link>
			<description>Before Charles Xavier and Erik Lensherr took the names Professor X and Magneto, they were two young men discovering their powers for the first time. Before they were archenemies, they were closest of friends, working together, with other Mutants (some familiar, some new), to stop the greatest threat the world has ever known. In the process, a rift between them opened, which began the eternal war between Magneto's Brotherhood and Professor X's X-MEN.</description>
			<type>Movie</type>
			<brand>Marvel</brand>
		</item>
		<item id="36">
			<name>Real Madrid</name>
			<image_link>images/realmadrid.png</image_link>
			<description>Real Madrid is a professional football club based in Madrid, Spain. Founded in 1902 as Madrid Football Club, the team has traditionally worn a white home kit since inception. The word Real is Spanish for Royal and was bestowed to the club by King Alfonso XIII in 1920 together with the royal crown in the emblem. The team has played its home matches in the 85,454-capacity Santiago Bernabeu Stadium in downtown Madrid since 1947. Unlike most European sporting entities, Real Madrid's members (socios) have owned and operated the club throughout its history.</description>
			<type>Soccer Team</type>
			<brand>Adidas</brand>
		</item>
		<item id="37">
			<name>FC Barcalona</name>
			<image_link>images/fcbarcelona.png</image_link>
			<description>FC Barcalona is a professional football club based in Barcelona, Catalonia, Spain. Founded in 1899 by a group of Swiss, English and Catalan footballers led by Joan Gamper, the club has become a symbol of Catalan culture and Catalanism, hence the motto "Mes que un club" (More than a club). Unlike many other football clubs, the supporters own and operate Barcelona. It is the second most valuable sports team in the world, worth $3.56 billion, and the world's second richest football club in terms of revenue, with an annual turnover of E560.8 million. The official Barcelona anthem is the "Cant del Barca", written by Jaume Picas and Josep Maria Espinas.</description>
			<type>Soccer Team</type>
			<brand>Nike</brand>
		</item>
		<item id="38">
			<name>Paris Saint-Germain Football Club</name>
			<image_link>images/paris.png</image_link>
			<description>Paris Saint-Germain Football Club, commonly referred to as PSG, is a French professional association football club based in Paris, whose first team play in the highest tier of French football, the Ligue 1. The club was formed in 1970 by the merger of Paris FC and Stade Saint-Germain. Having won 31 titles in its history, PSG is the most successful club in French football. The Parisian side is also one of only two French clubs to win a European title. Domestically, PSG have won six Ligue 1 titles, a record ten Coupes de France, a record six Coupes de la Ligue, six Trophees des Champions and one Ligue 2 title. In international club football, Paris have won one UEFA Cup Winners' Cup and one UEFA Intertoto Cup. </description>
			<type>Soccer Team</type>
			<brand>Nike</brand>
		</item>
		<item id="39">
			<name>Raja Club Athletic</name>
			<image_link>images/raja.png</image_link>
			<description>Raja Club Athletic (RCA) is a sports club with section in many different disciplines in Casablanca, Morocco. Raja was founded in 1949 as part of the political struggle against French rule by nationalists who aimed to create a focus for working-class young Moroccans. The club is most well known outside Morocco for its football team.</description>
			<type>Soccer Team</type>
			<brand>Adidas</brand>
		</item>
		<item id="40">
			<name>Wydad Athletic Club</name>
			<image_link>images/widad.png</image_link>
			<description>Wydad Athletic Club (abbreviated WAC) commonly known as Wydad al Ouma is a Moroccan sports club based in Casablanca, Morocco, best known for its football casablanca team. The team is well known in Africa by its Fans called 'Winners'.The rival team 3arja Casablanca makes the derby casawi very popular.</description>
			<type>Soccer Team</type>
			<brand>Adidas</brand>
		</item>
		<item id="41">
			<name>Chelsea Football Club</name>
			<image_link>images/chelsea.png</image_link>
			<description>Chelsea Football Club is an English professional football club based in Fulham, London, that competes in the Premier League. Founded in 1905, the club's home ground since then has been Stamford Bridge. Chelsea had their first major success in 1955, when they won the league championship. They then won various cup competitions between 1965 and 1996. 	The club's greatest period of success has come during the last two decades, winning 21 trophies since 1997. Chelsea have won five national league titles, seven FA Cups, five League Cups and four FA Community Shields, one UEFA Champions League, two UEFA Cup Winners' Cups, one UEFA Europa League and one UEFA Super Cup. Chelsea are the only London club to win the UEFA Champions League, and one of four clubs, and the only British club, to have won all three main UEFA club competitions. </description>
			<type>Soccer Team</type>
			<brand>Adidas</brand>
		</item>
		<item id="42">
			<name>Fußball-Club Bayern München</name>
			<image_link>images/bayern.jpg</image_link>
			<description>Fußball-Club Bayern München e.V., commonly known as FC Bayern München, FCB, Bayern Munich, or FC Bayern, is a German sports club based in Munich, Bavaria, Germany. It is best known for its professional football team, which plays in the Bundesliga, the top tier of the German football league system, and is the most successful club in German football history, having won a record 26 national titles and 18 national cups.</description>
			<type>Soccer Team</type>
			<brand>Adidas</brand>
		</item>
		<item id="43">
			<name>Juventus Football Club</name>
			<image_link>images/juventus.png</image_link>
			<description>Juventus Football Club S.p.A., colloquially known as Juve is a professional Italian association football club based in Turin, Piedmont. Founded in 1897 as Sport-Club Juventus by a group of young Torinese students, among them, who was their first president, Eugenio Canfari, and his brother Enrico, author of the company's historical memory, they have been managed by the industrial Agnelli family since 1923, which constitutes the oldest sporting partnership in Italy, thus making Juventus the first professional club in the country. The club is the second oldest of its kind still active in the country after Genoa's football section and has spent the entire of its history, with the exception of the 2006–07 season, in the top flight First Division (known as Serie A since 1929).</description>
			<type>Soccer Team</type>
			<brand>Adidas</brand>
		</item>
		<item id="44">
			<name>Montreal Impact</name>
			<image_link>images/montreal.png</image_link>
			<description>The Montreal Impact (French - Impact de Montreal) is a Canadian professional soccer team based in Montreal, Quebec. The Impact competes as a member of the Eastern Conference in Major League Soccer (MLS). The team began play in 2012 as an expansion team of the league, being the league's third Canadian club, and replaced the North American Soccer League team of the same name.</description>
			<type>Soccer Team</type>
			<brand>Adidas</brand>
		</item>
		<item id="45">
			<name>Manchester United Football Club</name>
			<image_link>images/manchister.png</image_link>
			<description>Manchester United Football Club is a professional football club based in Old Trafford, Greater Manchester, England, that competes in the Premier League, the top flight of English football. Nicknamed "the Red Devils", the club was founded as Newton Heath LYR Football Club in 1878, changed its name to Manchester United in 1902 and moved to its current stadium, Old Trafford, in 1910.</description>
			<type>Soccer Team</type>
			<brand>Nike</brand>
		</item>
				<item id="46">
			<name>Battlefield 1</name>
			<image_link>images/battlefield1.jpg</image_link>
			<description>Nouvel opus pour la celebre franchise de FPS, et apres plusieurs annees de conflits contemporains, Battlefield 1 plonge les joueurs dans la premiere Guerre Mondiale. Fidele a ses racines, cet episode proposera une campagne solo et un mode multijoueur sur des cartes variees et destructibles.</description>
			<type>Game</type>
			<brand>Electronic Arts</brand>
		</item>
		<item id="47">
			<name>Grand Theft Auto 5</name>
			<image_link>images/GTA5.jpg</image_link>
			<description>Jeu d'action-aventure en monde ouvert, Grand Theft Auto (GTA) V sur PC vous place dans la peau de trois personnages inedits - Michael, Trevor et Franklin qui ont elu domicile a Los Santos, ville de la region de San Andreas. Braquages et missions font partie du quotidien du joueur qui pourra egalement cohabiter avec 16 utilisateurs dans cet univers persistant.</description>
			<type>Game</type>
			<brand>Rockstar Games</brand>
		</item>
		<item id="48">
			<name>Watch Dogs 2</name>
			<image_link>images/watchdogs2.jpg</image_link>
			<description>Watch Dogs 2 est un jeu d'aventure en monde ouvert faisant suite aux evenements du premier episode. Ce nouvel opus de la franchise nous entraîne au cœur de la ville de San Francisco dans la peau du nouveau heros Marcus Holloway, un jeune hacker surdoue victime des algorithmes predictifs du ctOS 2.0 qui l’accusent d’un crime qu’il n’a pas commis. Dans sa quête de verite, Marcus pourra hacker les infrastructures de la ville ainsi que les personnes qui sont connectees au reseau.</description>
			<type>Game</type>
			<brand>Ubisoft</brand>
		</item>
		<item id="49">
			<name>Watch Dogs</name>
			<image_link>images/watchdogs.jpg</image_link>
			<description>Watch_Dogs est un jeu d'action a la troisieme personne sur PC. Dans un univers moderne et ouvert où tout est connecte a un systeme de contrôle central appartenant a des societes privees, le joueur incarne un groupe de hackeurs et d'assassins capables d'interferer avec les systemes electroniques.</description>
			<type>Game</type>
			<brand>Ubisoft</brand>
		</item>
		<item id="50">
			<name>Arma 3</name>
			<image_link>images/arma3.jpg</image_link>
			<description>ArmA III est un jeu de tir a la premiere personne axe simulation sur PC, vous mettant dans la peau du Capitaine Scott Miller. Dans un contexte relativement futuriste, le brave Capitaine et quelques-uns de ses hommes se retrouvent coinces sur une île mediterraneenne hostile regorgeant d'ennemis. A vous donc de mener a bien vos objectifs dans ces conditions peu favorables.</description>
			<type>Game</type>
			<brand>Bohemia Interactive Studio</brand>
		</item>
		<item id="51">
			<name>Les Sims 4</name>
			<image_link>images/thesims4.jpg</image_link>
			<description>Les Sims 4 est une simulation de vie disponible sur PC. Le joueur doit y gerer les besoins elementaires (hygiene, faim, etc.) de personnages appeles Sims, mais doit aussi prendre en compte leur caractere, leurs desirs ainsi que leurs emotions pour arriver a ses fins. Ainsi, il devient possible de bâtir une maison grandiose, de les faire progresser dans leur travail, de multiplier les conquêtes...</description>
			<type>Game</type>
			<brand>Electronic Arts</brand>
		</item>
		<item id="52">
			<name>Tom Clancy's Rainbow Six Siege</name>
			<image_link>images/ranbow6.jpg</image_link>
			<description>Jeu d'action et de tactique pour PC, Tom Clancy's Rainbow Six Siege permet aux joueurs d'incarner des soldats specialises dans la liberation d'otages. Le travail en equipe est primordial dans cet opus qui offre des decors totalement destructibles.</description>
			<type>Game</type>
			<brand>Ubisoft</brand>
		</item>
		<item id="53">
			<name>Overwatch</name>
			<image_link>images/overwatch.jpg</image_link>
			<description>Jeu d'action en vue a la premiere personne sur PC, Overwatch prend place dans un futur proche, en 2074 pour être exact. Dans des parties en 6 contre 6, le joueur incarne un heros parmi la palette proposee. Chaque personnage a des caracteristiques et des capacites particulieres et un role defini parmi Attaque, Defense, Tank et Soutien. Les equipes cherchent donc un equilibre afin d'etre le plus efficace possible dans l'accomplissement des objectifs (Capture de points, etc).</description>
			<type>Game</type>
			<brand>Blizzard Entertainment</brand>
		</item>
		<item id="54">
			<name>The Crew</name>
			<image_link>images/thecrew.jpg</image_link>
			<description>The Crew est un jeu de course sur PC. Les joueurs, tous connectes online, peuvent parcourir une carte gigantesque reproduisant l'ensemble des Etats-Unis, et participent a des missions scenarisees ou s'affrontent les uns les autres. Pense comme un MMORPG, le jeu s'en rapproche quelque peu avec un systeme de leveling des automobiles, mais propose egalement un systeme de tuning tres complet.</description>
			<type>Game</type>
			<brand>Ubisoft</brand>
		</item>
		<item id="55">
			<name>Counter-Strike - Global Offensive</name>
			<image_link>images/csgo.jpg</image_link>
			<description>Counter-Strike - Global Offensive est un FPS multijoueurs en ligne sur PC. Les anti-terroristes et les terroristes s'affrontent dans differents modes de jeu avec une trentaine d'armes differentes, sans compter les grenades. Un mode entraînement permet aux joueurs de s'habituer aux commandes.</description>
			<type>Game</type>
			<brand>Valve</brand>
		</item>
	</items>
	<collectors>
		<collector id="1">
			<username>Katy Mallard</username>
			<email>katoum@gmail.com</email>
		</collector>
		<collector id="2">
			<username>Mohamed Haythem Chehaibi</username>
			<email>chehaibih86@gamil.com</email>
		</collector>
		<collector id="3">
			<username>Ahmed Jedidi</username>
			<email>ahmed.jedidi91@gmail.com</email>
		</collector>
		<collector id="4">
			<username>Mario Gauvin</username>
			<email>mario@awesome.com</email>
		</collector>
		<collector id="5">
			<username>Sean Moore</username>
			<email>sean_suck@lame.aol</email>
		</collector>
		<collector id="6">
			<username>Robby Savoie</username>
			<email>sa_claque@djo.cum</email>
		</collector>
		<collector id="7">
			<username>Yassine Rherrab</username>
			<email>yassinerh_13@hotmail.com</email>
		</collector>
		<collector id="8">
			<username>Mohammed El Ouartassi</username>
			<email>elouartassi12@gmail.com</email>
		</collector>
		<collector id="9">
			<username>Wael Sahli</username>
			<email>waelsahli@mail.com</email>
		</collector>
		<collector id="10">
			<username>Richard Attolou</username>
			<email>ratollou@mail.com</email>
		</collector>
		<collector id="11">
			<username>Yassine Erray</username>
			<email>yacineerray@gamil.com</email>
		</collector>
		<collector id="12">
			<username>Skander Ismail</username>
			<email>Ismail.skander@gmail.com</email>
		</collector>
	</collectors>
	<collector_items>
		<collector_item id='1' collector_id='4' item_id='7'/>
		<collector_item id='2' collector_id='2' item_id='14'/>
		<collector_item id='3' collector_id='11' item_id='39'/>
		<collector_item id='4' collector_id='9' item_id='25'/>
		<collector_item id='5' collector_id='10' item_id='35'/>
		<collector_item id='6' collector_id='12' item_id='50'/>
		<collector_item id='7' collector_id='9' item_id='10'/>
		<collector_item id='8' collector_id='1' item_id='5'/>
		<collector_item id='9' collector_id='5' item_id='26'/>
		<collector_item id='10' collector_id='5' item_id='46'/>
		<collector_item id='11' collector_id='3' item_id='47'/>
		<collector_item id='12' collector_id='9' item_id='23'/>
		<collector_item id='13' collector_id='7' item_id='53'/>
		<collector_item id='14' collector_id='6' item_id='50'/>
		<collector_item id='15' collector_id='3' item_id='11'/>
		<collector_item id='16' collector_id='9' item_id='3'/>
		<collector_item id='17' collector_id='9' item_id='12'/>
		<collector_item id='18' collector_id='10' item_id='32'/>
		<collector_item id='19' collector_id='8' item_id='36'/>
		<collector_item id='20' collector_id='11' item_id='26'/>
		<collector_item id='21' collector_id='4' item_id='3'/>
		<collector_item id='22' collector_id='2' item_id='21'/>
		<collector_item id='23' collector_id='12' item_id='43'/>
		<collector_item id='24' collector_id='4' item_id='11'/>
		<collector_item id='25' collector_id='12' item_id='41'/>
		<collector_item id='26' collector_id='3' item_id='55'/>
		<collector_item id='27' collector_id='9' item_id='37'/>
		<collector_item id='28' collector_id='11' item_id='7'/>
		<collector_item id='29' collector_id='1' item_id='21'/>
		<collector_item id='30' collector_id='9' item_id='22'/>
		<collector_item id='31' collector_id='2' item_id='23'/>
		<collector_item id='32' collector_id='9' item_id='4'/>
		<collector_item id='33' collector_id='10' item_id='8'/>
		<collector_item id='34' collector_id='3' item_id='12'/>
		<collector_item id='35' collector_id='7' item_id='7'/>
		<collector_item id='36' collector_id='1' item_id='32'/>
		<collector_item id='37' collector_id='9' item_id='29'/>
		<collector_item id='38' collector_id='9' item_id='3'/>
		<collector_item id='39' collector_id='5' item_id='30'/>
		<collector_item id='40' collector_id='4' item_id='49'/>
		<collector_item id='41' collector_id='9' item_id='53'/>
		<collector_item id='42' collector_id='10' item_id='18'/>
		<collector_item id='43' collector_id='2' item_id='52'/>
		<collector_item id='44' collector_id='12' item_id='53'/>
		<collector_item id='45' collector_id='4' item_id='19'/>
		<collector_item id='46' collector_id='11' item_id='39'/>
		<collector_item id='47' collector_id='7' item_id='40'/>
		<collector_item id='48' collector_id='10' item_id='4'/>
		<collector_item id='49' collector_id='4' item_id='42'/>
		<collector_item id='50' collector_id='10' item_id='2'/>
		<collector_item id='51' collector_id='7' item_id='49'/>
		<collector_item id='52' collector_id='9' item_id='38'/>
		<collector_item id='53' collector_id='2' item_id='17'/>
		<collector_item id='54' collector_id='5' item_id='38'/>
		<collector_item id='55' collector_id='8' item_id='17'/>
		<collector_item id='56' collector_id='5' item_id='23'/>
		<collector_item id='57' collector_id='4' item_id='52'/>
		<collector_item id='58' collector_id='4' item_id='9'/>
		<collector_item id='59' collector_id='3' item_id='51'/>
		<collector_item id='60' collector_id='11' item_id='36'/>
		<collector_item id='61' collector_id='11' item_id='27'/>
		<collector_item id='62' collector_id='8' item_id='29'/>
		<collector_item id='63' collector_id='2' item_id='19'/>
		<collector_item id='64' collector_id='2' item_id='12'/>
		<collector_item id='65' collector_id='10' item_id='49'/>
		<collector_item id='66' collector_id='8' item_id='53'/>
		<collector_item id='67' collector_id='8' item_id='32'/>
		<collector_item id='68' collector_id='5' item_id='23'/>
		<collector_item id='69' collector_id='6' item_id='40'/>
		<collector_item id='70' collector_id='6' item_id='42'/>
		<collector_item id='71' collector_id='7' item_id='20'/>
		<collector_item id='72' collector_id='4' item_id='20'/>
		<collector_item id='73' collector_id='9' item_id='13'/>
		<collector_item id='74' collector_id='9' item_id='39'/>
		<collector_item id='75' collector_id='11' item_id='19'/>
		<collector_item id='76' collector_id='11' item_id='41'/>
		<collector_item id='77' collector_id='11' item_id='28'/>
		<collector_item id='78' collector_id='11' item_id='38'/>
		<collector_item id='79' collector_id='5' item_id='20'/>
		<collector_item id='80' collector_id='2' item_id='26'/>
		<collector_item id='81' collector_id='5' item_id='53'/>
		<collector_item id='82' collector_id='11' item_id='36'/>
		<collector_item id='83' collector_id='2' item_id='38'/>
		<collector_item id='84' collector_id='11' item_id='44'/>
		<collector_item id='85' collector_id='9' item_id='9'/>
		<collector_item id='86' collector_id='1' item_id='48'/>
		<collector_item id='87' collector_id='11' item_id='1'/>
		<collector_item id='88' collector_id='2' item_id='22'/>
		<collector_item id='89' collector_id='4' item_id='44'/>
		<collector_item id='90' collector_id='9' item_id='13'/>
		<collector_item id='91' collector_id='1' item_id='55'/>
		<collector_item id='92' collector_id='6' item_id='42'/>
		<collector_item id='93' collector_id='7' item_id='44'/>
		<collector_item id='94' collector_id='6' item_id='42'/>
		<collector_item id='95' collector_id='6' item_id='55'/>
		<collector_item id='96' collector_id='6' item_id='3'/>
		<collector_item id='97' collector_id='9' item_id='6'/>
		<collector_item id='98' collector_id='10' item_id='15'/>
		<collector_item id='99' collector_id='10' item_id='4'/>
		<collector_item id='100' collector_id='7' item_id='1'/>
		<collector_item id='101' collector_id='8' item_id='35'/>
		<collector_item id='102' collector_id='9' item_id='27'/>
		<collector_item id='103' collector_id='4' item_id='50'/>
		<collector_item id='104' collector_id='10' item_id='39'/>
		<collector_item id='105' collector_id='4' item_id='51'/>
		<collector_item id='106' collector_id='12' item_id='28'/>
		<collector_item id='107' collector_id='6' item_id='21'/>
		<collector_item id='108' collector_id='5' item_id='6'/>
		<collector_item id='109' collector_id='8' item_id='19'/>
		<collector_item id='110' collector_id='5' item_id='44'/>
		<collector_item id='111' collector_id='3' item_id='31'/>
		<collector_item id='112' collector_id='12' item_id='14'/>
		<collector_item id='113' collector_id='9' item_id='34'/>
		<collector_item id='114' collector_id='6' item_id='12'/>
		<collector_item id='115' collector_id='9' item_id='53'/>
		<collector_item id='116' collector_id='6' item_id='12'/>
		<collector_item id='117' collector_id='12' item_id='23'/>
		<collector_item id='118' collector_id='11' item_id='7'/>
		<collector_item id='119' collector_id='8' item_id='50'/>
		<collector_item id='120' collector_id='4' item_id='14'/>
		<collector_item id='121' collector_id='1' item_id='28'/>
		<collector_item id='122' collector_id='9' item_id='33'/>
		<collector_item id='123' collector_id='1' item_id='14'/>
		<collector_item id='124' collector_id='8' item_id='29'/>
		<collector_item id='125' collector_id='12' item_id='13'/>
		<collector_item id='126' collector_id='9' item_id='6'/>
		<collector_item id='127' collector_id='6' item_id='43'/>
		<collector_item id='128' collector_id='6' item_id='44'/>
		<collector_item id='129' collector_id='8' item_id='49'/>
		<collector_item id='130' collector_id='11' item_id='25'/>
		<collector_item id='131' collector_id='11' item_id='4'/>
		<collector_item id='132' collector_id='5' item_id='31'/>
		<collector_item id='133' collector_id='4' item_id='16'/>
		<collector_item id='134' collector_id='4' item_id='27'/>
		<collector_item id='135' collector_id='5' item_id='36'/>
		<collector_item id='136' collector_id='4' item_id='55'/>
		<collector_item id='137' collector_id='7' item_id='9'/>
		<collector_item id='138' collector_id='7' item_id='48'/>
		<collector_item id='139' collector_id='3' item_id='3'/>
		<collector_item id='140' collector_id='12' item_id='9'/>
		<collector_item id='141' collector_id='7' item_id='26'/>
		<collector_item id='142' collector_id='12' item_id='44'/>
		<collector_item id='143' collector_id='11' item_id='50'/>
		<collector_item id='144' collector_id='1' item_id='42'/>
		<collector_item id='145' collector_id='6' item_id='5'/>
		<collector_item id='146' collector_id='4' item_id='2'/>
		<collector_item id='147' collector_id='9' item_id='24'/>
		<collector_item id='148' collector_id='6' item_id='4'/>
		<collector_item id='149' collector_id='10' item_id='48'/>
		<collector_item id='150' collector_id='7' item_id='10'/>
		<collector_item id='151' collector_id='3' item_id='39'/>
		<collector_item id='152' collector_id='6' item_id='14'/>
		<collector_item id='153' collector_id='9' item_id='18'/>
		<collector_item id='154' collector_id='8' item_id='5'/>
		<collector_item id='155' collector_id='5' item_id='14'/>
		<collector_item id='156' collector_id='5' item_id='54'/>
		<collector_item id='157' collector_id='12' item_id='10'/>
		<collector_item id='158' collector_id='2' item_id='11'/>
		<collector_item id='159' collector_id='5' item_id='50'/>
		<collector_item id='160' collector_id='1' item_id='30'/>
		<collector_item id='161' collector_id='6' item_id='29'/>
		<collector_item id='162' collector_id='8' item_id='33'/>
		<collector_item id='163' collector_id='8' item_id='45'/>
		<collector_item id='164' collector_id='10' item_id='31'/>
		<collector_item id='165' collector_id='9' item_id='11'/>
		<collector_item id='166' collector_id='12' item_id='39'/>
		<collector_item id='167' collector_id='3' item_id='17'/>
		<collector_item id='168' collector_id='9' item_id='50'/>
		<collector_item id='169' collector_id='3' item_id='22'/>
		<collector_item id='170' collector_id='7' item_id='14'/>
		<collector_item id='171' collector_id='11' item_id='13'/>
		<collector_item id='172' collector_id='11' item_id='48'/>
		<collector_item id='173' collector_id='8' item_id='13'/>
		<collector_item id='174' collector_id='3' item_id='43'/>
		<collector_item id='175' collector_id='2' item_id='9'/>
		<collector_item id='176' collector_id='1' item_id='28'/>
		<collector_item id='177' collector_id='6' item_id='30'/>
		<collector_item id='178' collector_id='4' item_id='52'/>
		<collector_item id='179' collector_id='6' item_id='29'/>
		<collector_item id='180' collector_id='11' item_id='15'/>
		<collector_item id='181' collector_id='12' item_id='7'/>
		<collector_item id='182' collector_id='8' item_id='21'/>
		<collector_item id='183' collector_id='1' item_id='2'/>
		<collector_item id='184' collector_id='12' item_id='24'/>
		<collector_item id='185' collector_id='7' item_id='38'/>
		<collector_item id='186' collector_id='12' item_id='39'/>
		<collector_item id='187' collector_id='7' item_id='31'/>
		<collector_item id='188' collector_id='5' item_id='35'/>
		<collector_item id='189' collector_id='4' item_id='10'/>
		<collector_item id='190' collector_id='3' item_id='32'/>
		<collector_item id='191' collector_id='4' item_id='16'/>
		<collector_item id='192' collector_id='5' item_id='47'/>
		<collector_item id='193' collector_id='7' item_id='6'/>
		<collector_item id='194' collector_id='8' item_id='19'/>
		<collector_item id='195' collector_id='6' item_id='7'/>
		<collector_item id='196' collector_id='7' item_id='26'/>
		<collector_item id='197' collector_id='1' item_id='8'/>
		<collector_item id='198' collector_id='2' item_id='54'/>
		<collector_item id='199' collector_id='10' item_id='15'/>
		<collector_item id='200' collector_id='5' item_id='42'/>
	</collector_items>
</collection>